<?xml version="1.0" encoding="UTF-8"?>
<Configuration status="INFO">
    <Appenders>
        <Console name="console" target="SYSTEM_OUT">
            <PatternLayout pattern="%d{yyyy-MM-dd HH:mm:ss.SSS} [%t] %-5level %logger{36} - Message:  %msg Request.id=%X{Request.id} Request.URI=%X{Request.URI} Request.QueryParams=%X{Request.QueryParams} Response.status=%X{Response.status}%n%n"/>
        </Console>
        <File name="LogFile" filename="rest/logs/rest.log">
            <PatternLayout>
                <Pattern>%d{yyyy-MM-dd HH:mm:ss.SSS} [%t] %-5level %logger{36} - Message:  %msg Request.id=%X{Request.id} Request.URI=%X{Request.URI} Request.QueryParams=%X{Request.QueryParams} %n%n</Pattern>
            </PatternLayout>
        </File>
    </Appenders>
    <Loggers>
        <Root level="info">
            <AppenderRef ref="console"/>
            <AppenderRef ref="LogFile"/>
        </Root>
        <Logger name="lognow" level="info" activity="false">
            <AppenderRef ref="Console"/>
            <AppenderRef ref="LogFile"/>
        </Logger>
    </Loggers>
</Configuration>